City,Country,Lat,Lon,Max Temp,Humidity,Cloudiness,Wind Speed,Date
caravelas,BR,-17.7125,-39.2481,77.99,79,86,4.56,1666716802
hermanus,ZA,-34.4187,19.2345,62.8,80,48,9.46,1666716803
santa maria,BR,-29.6842,-53.8069,78.1,50,0,11.5,1666716763
bluff,NZ,-46.6,168.3333,43.56,86,100,10.11,1666716803
rikitea,PF,-23.1203,-134.9692,72.75,77,65,19.91,1666716804
new norfolk,AU,-42.7826,147.0587,54.91,85,100,4.0,1666716804
cape town,ZA,-33.9258,18.4232,66.61,73,20,20.71,1666716804
ushuaia,AR,-54.8,-68.3,46.02,52,20,5.75,1666716554
norman wells,CA,65.282,-126.8329,19.44,93,75,6.91,1666716805
souillac,MU,-20.5167,57.5167,73.78,73,40,11.5,1666716805
teahupoo,PF,-17.8333,-149.2667,75.16,83,99,24.65,1666716806
jamestown,US,42.097,-79.2353,72.01,55,0,9.22,1666716639
punta arenas,CL,-53.15,-70.9167,50.11,62,75,13.8,1666716807
butaritari,KI,3.0707,172.7902,80.46,80,69,5.57,1666716808
namatanai,PG,-3.6667,152.4333,79.57,82,55,4.14,1666716808
busselton,AU,-33.65,115.3333,50.81,83,1,2.82,1666716808
puerto ayora,EC,-0.7393,-90.3518,73.36,90,91,5.99,1666716809
avarua,CK,-21.2078,-159.775,71.65,68,20,9.22,1666716646
lompoc,US,34.6391,-120.4579,69.57,66,0,0.0,1666716809
qaanaaq,GL,77.484,-69.3632,23.67,74,100,5.66,1666716810
svarstad,NO,59.399,9.9698,48.56,57,82,1.5,1666716810
atuona,PF,-9.8,-139.0333,76.73,74,8,20.87,1666716811
mizdah,LY,31.4451,12.9801,71.89,24,0,1.5,1666716811
tasiilaq,GL,65.6145,-37.6368,30.58,92,100,3.51,1666716812
fortuna,US,40.5982,-124.1573,51.66,91,100,0.0,1666716812
inirida,CO,3.8653,-67.9239,91.85,51,98,1.83,1666716813
mataura,NZ,-46.1927,168.8643,38.89,90,100,2.62,1666716813
uirauna,BR,-6.5183,-38.4122,94.12,32,73,7.29,1666716814
sucua,EC,-2.4667,-78.1667,86.63,51,67,3.98,1666716814
seoul,KR,37.5683,126.9778,49.44,91,0,2.3,1666716143
hithadhoo,MV,-0.6,73.0833,81.28,78,46,10.87,1666716814
albany,US,42.6001,-73.9662,67.37,94,100,3.0,1666716578
nchelenge,ZM,-9.3451,28.734,78.69,61,89,12.39,1666716815
rocha,UY,-34.4833,-54.3333,73.72,50,4,8.99,1666716815
iracoubo,GF,5.4802,-53.2011,81.5,76,100,6.69,1666716816
barrow,US,71.2906,-156.7887,14.41,94,99,14.16,1666716813
isangel,VU,-19.55,169.2667,73.47,85,99,11.65,1666716816
coihueco,CL,-36.6167,-71.8333,63.34,63,75,5.75,1666716818
margate,GB,51.3813,1.3862,60.31,83,65,4.0,1666716614
yiyang,CN,28.5892,112.3283,60.76,51,41,3.74,1666716818
khatanga,RU,71.9667,102.5,9.18,95,89,9.35,1666716819
severo-kurilsk,RU,50.6789,156.125,37.65,66,38,8.9,1666716819
dikson,RU,73.5069,80.5464,26.04,77,100,8.61,1666716820
esperance,AU,-33.8667,121.9,55.24,86,39,10.45,1666716820
longyearbyen,SJ,78.2186,15.6401,15.64,67,20,4.61,1666716821
cayambe,EC,0.05,-78.1333,61.86,71,99,2.3,1666716821
neuquen,AR,-38.9516,-68.0591,78.69,19,0,6.91,1666716594
ixtapa,MX,20.7,-105.2,82.22,76,53,3.0,1666716822
galle,LK,6.0367,80.217,78.24,86,26,6.82,1666716822
champerico,GT,14.3,-91.9167,88.34,74,35,4.79,1666716822
verkhnevilyuysk,RU,63.4453,120.3167,25.32,93,98,7.02,1666716823
bethel,US,41.3712,-73.414,69.78,90,100,6.91,1666716823
kapaa,US,22.0752,-159.319,77.09,88,36,5.01,1666716824
katangli,RU,51.7102,143.2326,32.72,83,65,10.45,1666716825
inuvik,CA,68.3499,-133.7218,9.46,85,75,6.91,1666716825
swakopmund,NA,-22.6833,14.5333,65.25,77,71,3.0,1666716826
airai,TL,-8.9266,125.4092,62.78,92,100,1.57,1666716826
khasan,RU,42.4308,130.6434,45.12,71,2,6.71,1666716827
mitu,CO,1.1983,-70.1733,90.16,50,91,2.24,1666716827
prince rupert,CA,54.3161,-130.3201,42.49,90,100,19.57,1666716543
araguaina,BR,-7.1911,-48.2072,92.53,45,98,1.21,1666716664
kaitangata,NZ,-46.2817,169.8464,41.05,85,98,3.78,1666716821
saint-philippe,RE,-21.3585,55.7679,72.99,80,47,13.33,1666716828
husavik,IS,66.0449,-17.3389,38.19,91,95,9.19,1666716828
arkhara,RU,49.4212,130.0842,35.35,55,86,8.81,1666716828
atambua,ID,-9.1061,124.8925,76.03,86,100,0.94,1666716829
tommot,RU,58.9564,126.2925,24.73,86,99,10.16,1666716829
awbari,LY,26.5921,12.7805,74.57,29,0,9.24,1666716830
laguna,US,38.421,-121.4238,68.09,59,47,1.99,1666716831
porangatu,BR,-13.4408,-49.1486,94.53,31,73,2.86,1666716832
port elizabeth,ZA,-33.918,25.5701,65.1,79,40,16.11,1666716827
ust-koksa,RU,50.2696,85.6108,26.13,48,43,1.36,1666716833
axim,GH,4.8699,-2.2405,80.83,78,98,8.1,1666716833
la ronge,CA,55.1001,-105.2842,30.45,69,100,3.44,1666716834
ribeira grande,PT,38.5167,-28.7,66.78,59,40,13.8,1666716835
fujin,CN,47.26,132.0322,37.22,62,6,10.42,1666716835
torbay,CA,47.6666,-52.7314,64.27,62,20,17.27,1666716835
sibolga,ID,1.7427,98.7792,77.02,90,100,2.33,1666716836
kushmurun,KZ,52.4503,64.6311,33.66,78,100,8.16,1666716836
coahuayana,MX,18.7333,-103.6833,85.42,70,41,3.58,1666716836
muros,ES,42.7762,-9.0603,66.09,82,40,19.57,1666716838
ulladulla,AU,-35.35,150.4667,62.91,75,70,6.64,1666716838
hamilton,US,39.1834,-84.5333,76.19,50,75,13.8,1666716690
cherskiy,RU,68.75,161.3,-4.99,92,35,7.0,1666716839
viedma,AR,-40.8135,-62.9967,83.48,19,100,9.37,1666716839
vaini,TO,-21.2,-175.2,69.96,73,75,5.75,1666716839
yulara,AU,-25.2406,130.9889,70.32,24,0,12.64,1666716840
ilulissat,GL,69.2167,-51.1,28.17,96,100,1.81,1666716840
filingue,NE,14.3521,3.3168,97.97,15,5,9.44,1666716841
east london,ZA,-33.0153,27.9116,68.94,60,0,18.41,1666716841
bengkulu,ID,-3.8004,102.2655,74.59,93,100,7.87,1666716841
vestmannaeyjar,IS,63.4427,-20.2734,45.59,81,100,13.8,1666716842
kruisfontein,ZA,-34.0033,24.7314,62.89,78,91,16.02,1666716842
hobart,AU,-42.8794,147.3294,55.26,96,100,14.97,1666716724
thompson,CA,55.7435,-97.8558,28.56,86,100,14.97,1666716843
lebu,CL,-37.6167,-73.65,58.77,74,100,12.5,1666716843
hammerfest,NO,70.6634,23.6821,32.45,69,0,3.44,1666716844
golovino,RU,55.9613,40.4251,31.19,81,66,1.45,1666716844
hilo,US,19.7297,-155.09,72.25,95,38,7.0,1666716830
concordia,AR,-31.393,-58.0209,80.78,42,0,5.99,1666716844
hasaki,JP,35.7333,140.8333,54.21,63,100,34.18,1666716845
adrar,MR,20.5022,-10.0711,90.63,10,97,11.7,1666716845
nuevitas,CU,21.5453,-77.2644,85.14,55,2,5.68,1666716846
inhambane,MZ,-23.865,35.3833,80.58,78,40,17.27,1666716846
stayner,CA,44.4183,-80.096,67.53,72,100,3.44,1666716847
griffith,US,41.5284,-87.4237,60.12,95,100,3.44,1666716847
jeremie,HT,18.65,-74.1167,83.79,68,2,3.78,1666716847
henties bay,NA,-22.116,14.2845,60.15,87,28,9.35,1666716848
kahului,US,20.8947,-156.47,78.84,87,1,5.99,1666716848
georgetown,MY,5.4112,100.3354,78.89,95,40,5.01,1666716571
pevek,RU,69.7008,170.3133,1.0,91,20,8.86,1666716849
berbera,SO,10.4396,45.0143,84.25,63,28,7.58,1666716849
brejo,BR,-3.6844,-42.7503,94.86,38,77,3.47,1666716851
saint anthony,US,45.0205,-93.218,42.22,73,35,1.99,1666716851
cap-aux-meules,CA,47.3821,-61.8597,57.25,100,100,11.5,1666716852
tuktoyaktuk,CA,69.4541,-133.0374,12.2,85,75,2.3,1666716852
alim,PH,9.5649,122.4876,79.77,82,99,3.69,1666716852
melfi,IT,40.9965,15.6514,68.7,58,17,7.65,1666716853
qeshm,IR,26.9581,56.2719,85.87,65,0,9.75,1666716853
ardakan,IR,32.31,54.0175,73.85,24,76,5.1,1666716853
rzhyshchiv,UA,49.9689,31.0463,54.3,95,100,4.09,1666716854
hami,CN,42.8,93.45,51.67,37,58,3.15,1666716854
carnarvon,AU,-24.8667,113.6333,65.41,67,0,24.52,1666716812
tocopilla,CL,-22.092,-70.1979,66.72,62,12,7.7,1666716855
nogliki,RU,51.8333,143.1667,34.0,83,61,10.74,1666716855
cap malheureux,MU,-19.9842,57.6142,73.47,67,0,5.99,1666716857
castro,BR,-24.7911,-50.0119,76.21,48,22,2.28,1666716663
pemba,MZ,-12.974,40.5178,77.7,83,20,14.0,1666716859
acapulco,MX,16.8634,-99.8901,83.93,77,47,5.01,1666716726
chuy,UY,-33.6971,-53.4616,70.23,59,1,10.22,1666716859
ponta do sol,PT,32.6667,-17.1,75.83,87,78,6.02,1666716860
morozovsk,RU,48.3539,41.8261,46.24,76,33,4.23,1666716860
ambon,ID,-3.6954,128.1814,78.94,94,20,5.75,1666716860
westport,US,41.1415,-73.3579,74.01,88,92,1.99,1666716761
rajauri,IN,33.3833,74.3,61.79,45,1,5.35,1666716861
qasigiannguit,GL,68.8193,-51.1922,29.03,97,100,9.35,1666716862
xacmaz,AZ,41.4635,48.806,56.61,67,99,4.52,1666716862
northam,GB,51.0333,-4.2167,59.61,90,85,19.19,1666716863
anori,BR,-3.7728,-61.6442,91.04,53,100,2.82,1666716863
sandwick,GB,60.0,-1.25,51.62,93,20,5.75,1666716864
manggar,ID,-2.8833,108.2667,78.35,88,100,5.3,1666716864
kungurtug,RU,50.5994,97.5228,20.41,44,0,1.45,1666716864
susanville,US,40.4163,-120.653,48.9,66,99,3.0,1666716800
abnub,EG,27.2696,31.1511,77.22,32,57,12.91,1666716865
valparaiso,CL,-33.0393,-71.6273,62.24,88,75,10.36,1666716865
fernley,US,39.608,-119.2518,58.69,52,70,5.01,1666716865
camabatela,AO,-8.1881,15.375,67.91,87,57,1.72,1666716866
saint-jean-de-maurienne,FR,45.1667,6.5833,44.24,67,93,4.5,1666716867
bambous virieux,MU,-20.3428,57.7575,73.65,73,40,11.5,1666716868
kavieng,PG,-2.5744,150.7967,81.55,78,100,6.24,1666716868
upernavik,GL,72.7868,-56.1549,25.02,95,100,14.7,1666716868
kihei,US,20.785,-156.4656,78.84,77,0,13.8,1666716737
kenai,US,60.5544,-151.2583,31.14,82,0,4.61,1666716869
nikolskoye,RU,59.7035,30.7861,37.29,71,97,7.65,1666716869
alta floresta,BR,-9.8756,-56.0861,82.22,78,75,3.44,1666716869
naze,JP,28.3667,129.4833,68.92,58,77,18.59,1666716870
tiksi,RU,71.6872,128.8694,17.04,92,100,7.25,1666716870
kabanga,TZ,-2.6386,30.4678,68.02,58,100,1.52,1666716871
san quintin,MX,30.4833,-115.95,68.92,32,0,3.11,1666716872
kavaratti,IN,10.5669,72.642,82.62,60,35,9.89,1666716872
herat,AF,34.5,62.0,59.67,54,55,15.32,1666716873
buala,SB,-8.145,159.5921,78.75,83,2,3.13,1666716873
bredasdorp,ZA,-34.5322,20.0403,61.36,81,57,11.52,1666716874
soyo,AO,-6.1349,12.3689,78.51,85,71,9.08,1666716874
logan,US,41.7355,-111.8344,45.99,65,100,3.0,1666716874
ahipara,NZ,-35.1667,173.1667,53.19,90,74,6.89,1666716875
karratha,AU,-20.7377,116.8463,73.78,68,0,13.2,1666716875
port alfred,ZA,-33.5906,26.891,65.17,80,95,5.01,1666716876
marawi,PH,7.9986,124.2928,67.96,94,66,1.21,1666716876
dingle,PH,10.9995,122.6711,76.5,91,100,5.19,1666716877
muisne,EC,0.6,-80.0333,77.68,75,97,11.77,1666716878
nizwa,OM,22.9333,57.5333,80.6,25,0,2.91,1666716878
onufriyivka,UA,48.9072,33.4487,57.09,82,100,9.78,1666716879
tuatapere,NZ,-46.1333,167.6833,41.79,92,99,4.92,1666716879
santa isabel do rio negro,BR,-0.4139,-65.0192,97.59,40,56,1.92,1666716880
denizli,TR,37.8402,29.0698,63.41,33,0,1.23,1666716880
diamantino,BR,-14.4086,-56.4461,91.94,44,59,3.09,1666716881
riyadh,SA,24.6877,46.7219,84.34,14,0,6.35,1666716772
korla,CN,41.7597,86.1469,50.56,40,94,1.48,1666716881
quesnel,CA,52.9999,-122.5029,28.9,100,0,0.0,1666716882
aguimes,ES,27.9054,-15.4461,74.03,73,20,16.11,1666716882
cayenne,GF,4.9333,-52.3333,89.64,58,75,10.36,1666716670
skibbereen,IE,51.55,-9.2667,58.1,98,99,13.98,1666716883
provideniya,RU,64.3833,-173.3,21.74,85,91,13.82,1666716883
havoysund,NO,70.9963,24.6622,35.83,64,91,5.48,1666716884
mandalgovi,MN,45.7625,106.2708,21.72,62,0,10.13,1666716885
los llanos de aridane,ES,28.6585,-17.9182,71.35,87,75,3.44,1666716834
asfi,MA,32.2994,-9.2372,73.02,62,100,4.27,1666716886
yzeure,FR,46.5644,3.355,63.12,64,100,5.41,1666716887
bubaque,GW,11.2833,-15.8333,84.45,73,40,9.78,1666716888
mehamn,NO,71.0357,27.8492,35.55,69,75,10.36,1666716888
alofi,NU,-19.0595,-169.9187,60.69,88,71,1.14,1666716888
san patricio,US,28.017,-97.5169,71.17,32,0,16.13,1666716889
victoria,HK,22.2855,114.1577,75.38,73,100,13.0,1666716889
natal,BR,-5.795,-35.2094,84.85,61,75,19.57,1666716889
kaeo,NZ,-35.1,173.7833,54.63,85,69,7.25,1666716614
takoradi,GH,4.8845,-1.7554,80.69,82,81,10.16,1666716890
bryan,US,30.6744,-96.37,67.82,43,0,18.41,1666716723
amapa,BR,1.0,-52.0,98.56,29,73,4.25,1666716891
bhabua,IN,25.05,83.6167,68.63,51,0,5.01,1666716891
praia,CV,14.9215,-23.5087,84.74,65,40,14.97,1666716639
oxford,GB,51.7522,-1.256,60.19,84,20,8.05,1666716877
klaksvik,FO,62.2266,-6.589,50.92,91,95,11.79,1666716892
mahebourg,MU,-20.4081,57.7,73.69,73,40,11.5,1666716606
waling,NP,27.9833,83.7667,61.27,92,0,3.0,1666716892
elat,IL,29.5581,34.9482,82.24,44,40,2.3,1666716892
opuwo,NA,-18.0607,13.84,85.98,22,85,11.01,1666716893
lavrentiya,RU,65.5833,-171.0,26.38,84,99,11.59,1666716893
porto novo,BJ,6.4965,2.6036,78.62,75,99,6.53,1666716893
khetri,IN,27.9833,75.8,73.83,27,0,2.15,1666716894
tateyama,JP,34.9833,139.8667,55.33,71,75,20.71,1666716894
hambantota,LK,6.1241,81.1185,78.66,82,77,5.21,1666716895
juneau,US,58.3019,-134.4197,38.21,100,75,0.0,1666716876
atar,MR,20.5169,-13.0499,93.52,26,100,1.88,1666716829
carutapera,BR,-1.195,-46.02,87.44,56,90,9.06,1666716896
hofn,IS,64.2539,-15.2082,41.95,83,100,18.63,1666716897
derzhavinsk,KZ,51.1,66.3167,39.25,51,100,7.65,1666716898
puerto carreno,CO,6.189,-67.4859,85.98,70,20,3.44,1666716898
port augusta,AU,-32.5,137.7667,60.39,86,89,9.73,1666716900
nelson bay,AU,-32.7167,152.15,66.0,94,18,4.0,1666716602
cidreira,BR,-30.1811,-50.2056,69.48,64,20,13.13,1666716844
prieska,ZA,-29.6641,22.7474,79.59,6,96,14.36,1666716900
porto nacional,BR,-10.7081,-48.4172,73.4,50,98,5.46,1666716684
guerrero negro,MX,27.9769,-114.0611,72.21,35,0,2.35,1666716901
kyabram,AU,-36.3167,145.05,55.29,98,21,7.47,1666716901
agadez,NE,19.75,10.25,76.57,11,2,9.57,1666716902
roma,US,43.2128,-75.4557,72.66,82,90,1.99,1666716902
marsh harbour,BS,26.5412,-77.0636,79.34,67,10,11.99,1666716902
artigas,UY,-30.4,-56.4667,81.12,35,2,12.8,1666716902
chernyshevskiy,RU,63.0128,112.4714,26.83,79,98,11.52,1666716903
semikarakorsk,RU,47.5194,40.8112,53.15,64,49,4.45,1666716903
lagunas,PE,-5.2269,-75.6753,95.83,39,77,3.89,1666716904
arraial do cabo,BR,-22.9661,-42.0278,80.56,73,40,14.97,1666716816
puerto cabezas,NI,14.0351,-83.3888,85.96,70,75,6.91,1666716904
neiafu,TO,-18.65,-173.9833,72.28,73,40,1.14,1666716905
chara,RU,56.9064,118.2631,18.99,63,88,2.82,1666716905
maldonado,UY,-34.6667,-54.9167,76.39,49,19,9.19,1666716905
geraldton,AU,-28.7667,114.6,54.01,82,0,8.05,1666716761
evensk,RU,61.95,159.2333,28.47,79,100,10.33,1666716906
necochea,AR,-38.5473,-58.7368,74.84,53,100,3.78,1666716665
grindavik,IS,63.8424,-22.4338,46.35,87,75,9.22,1666716907
gigmoto,PH,13.7796,124.39,81.19,85,88,12.91,1666716907
pallapatti,IN,11.6593,78.1342,72.9,64,4,4.92,1666716907
chokurdakh,RU,70.6333,147.9167,3.87,91,100,3.87,1666716908
ascension,US,30.2169,-90.9001,73.4,53,75,8.05,1666716909
touros,BR,-5.1989,-35.4608,83.95,62,30,15.82,1666716910
kodiak,US,57.79,-152.4072,42.31,65,100,3.44,1666716855
hosanagara,IN,13.9167,75.0667,66.09,82,15,2.8,1666716911
talnakh,RU,69.4865,88.3972,9.59,97,99,2.59,1666716912
avera,US,33.194,-82.5271,76.55,39,20,5.3,1666716853
comodoro rivadavia,AR,-45.8667,-67.5,64.26,39,20,16.11,1666716912
mmabatho,ZA,-25.85,25.6333,85.96,14,0,11.5,1666716913
palmer,US,42.1584,-72.3287,68.25,93,100,1.99,1666716913
katsuura,JP,35.1333,140.3,55.42,82,100,27.04,1666716914
christchurch,NZ,-43.5333,172.6333,48.9,89,27,4.0,1666716914
vesyegonsk,RU,58.664,37.2604,31.98,78,45,4.34,1666716914
marzuq,YE,14.4,46.4667,72.09,42,4,3.6,1666716915
biak,ID,-0.9131,122.8766,77.02,84,82,2.28,1666716916
victor harbor,AU,-35.5667,138.6167,55.99,91,99,7.4,1666716917
marechal candido rondon,BR,-24.5561,-54.0567,82.08,54,0,7.47,1666716878
sinnamary,GF,5.3833,-52.95,81.54,78,100,6.55,1666716917
vestmanna,FO,62.1564,-7.1664,49.12,93,75,10.36,1666716918
masterton,NZ,-40.9597,175.6575,47.88,94,14,2.66,1666716918
komsomolskiy,UZ,40.4272,71.7189,54.32,87,100,2.3,1666716872
belen,TR,36.4891,36.2233,66.09,32,0,2.75,1666716919
zhukovo,RU,55.0318,36.744,33.87,81,33,4.21,1666716919
saskylakh,RU,71.9167,114.0833,3.25,96,98,5.57,1666716913
larap,PH,14.299,122.6504,78.84,91,97,14.92,1666716920
sao pedro do sul,BR,-29.6206,-54.1789,77.65,39,2,7.72,1666716920
constantine,DZ,36.365,6.6147,78.21,18,0,5.75,1666716921
college,US,64.8569,-147.8028,20.21,89,75,4.61,1666716921
padang,ID,-0.9492,100.3543,75.25,87,100,2.04,1666716922
buchanan,LR,5.8808,-10.0467,80.98,79,62,5.17,1666716922
dunedin,NZ,-45.8742,170.5036,45.81,84,99,4.92,1666716923
maceio,BR,-9.6658,-35.7353,85.44,65,75,16.11,1666716923
whitehorse,CA,60.7161,-135.0538,18.37,78,100,6.91,1666716925
vao,NC,-22.6667,167.4833,72.81,78,100,21.05,1666716925
hervey bay,AU,-25.2986,152.8535,75.02,96,78,11.01,1666716926
kieta,PG,-6.2167,155.6333,78.78,85,25,1.79,1666716926
port hardy,CA,50.6996,-127.4199,44.78,93,100,5.75,1666716928
mogzon,RU,51.7435,111.9606,19.69,74,1,5.3,1666716928
gamba,GA,-2.65,10.0,78.42,85,93,7.45,1666716929
beringovskiy,RU,63.05,179.3167,25.43,88,100,15.82,1666716929
codrington,AU,-38.2667,141.9667,57.27,93,100,8.19,1666716929
yellowknife,CA,62.456,-114.3525,23.52,86,75,11.5,1666716932
puerto escondido,MX,15.85,-97.0667,84.88,73,88,6.08,1666716655
khvoynaya,RU,58.9,34.5333,30.85,89,37,5.21,1666716932
itoman,JP,26.1247,127.6694,69.82,62,75,10.36,1666716933
nanortalik,GL,60.1432,-45.2371,35.92,72,8,4.97,1666716873
piacabucu,BR,-10.4056,-36.4344,83.26,64,56,14.83,1666716933
mandera,KE,3.9366,41.867,88.61,45,100,6.8,1666716934
gat,IL,31.61,34.7642,83.08,39,26,2.75,1666716934
paragominas,BR,-2.9667,-47.4833,90.07,51,97,1.21,1666716934
boromo,BF,11.75,-2.9333,94.05,23,13,5.23,1666716935
pishin,PK,30.5803,66.9961,62.85,25,4,2.28,1666716935
leningradskiy,RU,69.3833,178.4167,3.31,90,45,4.97,1666716935
oksfjord,NO,70.2396,22.3479,33.98,69,89,5.44,1666716936
riberalta,BO,-10.9833,-66.1,89.8,62,75,9.22,1666716936
stonewall,CA,50.1344,-97.3268,36.72,65,97,13.27,1666716936
upata,VE,8.0086,-62.3989,89.19,73,97,2.19,1666716937
narsaq,GL,60.9167,-46.05,30.61,71,8,3.31,1666716937
krasnyy chikoy,RU,50.3643,108.7512,20.46,69,0,3.18,1666716938
toppenish,US,46.3774,-120.3087,49.87,55,93,4.81,1666716938
tura,IN,25.5198,90.2201,63.59,95,19,3.62,1666716938
sitka,US,57.0531,-135.33,38.86,85,25,2.59,1666716838
sorong,ID,-0.8833,131.25,79.25,85,85,5.73,1666716939
kyzyl-suu,KG,42.3414,78.0056,44.64,51,39,7.78,1666716940
maarianhamina,AX,60.0973,19.9348,49.86,100,100,4.61,1666716940
forio,IT,40.7342,13.8646,70.09,89,65,2.95,1666716941
abu dhabi,AE,24.4667,54.3667,86.11,62,0,5.75,1666716941
togur,RU,58.3631,82.8265,31.96,68,92,15.17,1666716941
damghan,IR,36.1683,54.348,58.08,54,28,1.79,1666716942
podujevo,XK,42.9106,21.1931,66.4,63,56,4.52,1666716942
ratnagiri,IN,16.9833,73.3,75.88,73,0,5.91,1666716942
cabo san lucas,MX,22.8909,-109.9124,84.06,59,23,3.56,1666716943
gobabis,NA,-22.45,18.9667,86.5,13,15,13.65,1666716919
meulaboh,ID,4.1363,96.1285,77.88,87,100,3.91,1666716859
nabire,ID,-3.3667,135.4833,75.52,91,71,3.02,1666716943
palana,RU,59.1167,159.9667,29.89,88,99,27.45,1666716944
la romana,DO,18.4273,-68.9728,81.52,72,100,9.6,1666716944
mossendjo,CG,-2.9506,12.7261,72.3,94,98,1.01,1666716945
cascais,PT,38.6979,-9.4215,71.94,88,20,14.0,1666716808
shirokiy,RU,49.758,129.523,36.23,55,82,8.86,1666716945
buckingham,GB,51.9997,-0.9878,59.23,84,61,3.0,1666716945
srandakan,ID,-7.9386,110.2506,77.67,83,100,4.79,1666716946
charters towers,AU,-20.1,146.2667,76.96,76,7,5.35,1666716946
longkou,CN,37.6508,120.3286,57.88,72,80,15.93,1666716720
najran,SA,17.4924,44.1277,77.65,22,11,5.86,1666716891
aykhal,RU,66.0,111.5,15.44,93,77,17.87,1666716947
la reforma,MX,25.0833,-108.05,81.21,53,20,3.38,1666716947
zhangye,CN,38.9342,100.4517,47.95,37,19,2.06,1666716947
gimli,CA,50.6336,-96.9907,33.82,75,71,10.36,1666716948
olinda,BR,-8.0089,-34.8553,82.13,65,75,10.36,1666716948
salalah,OM,17.0151,54.0924,78.08,64,0,3.8,1666716901
rassvet,RU,46.8333,40.75,53.8,58,45,4.94,1666716949
akyab,MM,20.15,92.9,78.04,82,42,5.46,1666716949
vilhena,BR,-12.7406,-60.1458,75.42,88,75,9.22,1666716953
udachnyy,RU,66.4167,112.4,8.82,95,30,7.52,1666716953
kemijarvi,FI,66.7131,27.4306,30.31,79,96,6.2,1666716954
mayya,RU,61.7333,130.2811,25.92,92,66,8.84,1666716955
tamiahua,MX,21.2667,-97.45,81.34,82,98,16.51,1666716955
porto belo,BR,-27.1578,-48.5531,79.79,68,19,8.95,1666716956
nhulunbuy,AU,-12.2333,136.7667,81.21,83,40,8.05,1666716956
saldanha,ZA,-33.0117,17.9442,66.25,79,80,18.52,1666716956
copiapo,CL,-27.3667,-70.3333,53.29,36,79,5.46,1666716957
satoraljaujhely,HU,48.4,21.6667,58.15,88,45,3.09,1666716957
maningrida,AU,-12.0667,134.2667,82.87,80,71,8.12,1666716958
cabedelo,BR,-6.9811,-34.8339,79.47,62,56,13.58,1666716755
roding,DE,49.1964,12.5186,56.8,86,59,1.23,1666716958
campana,AR,-34.1687,-58.9591,86.23,48,96,9.33,1666716958
irbeyskoye,RU,55.6428,95.4522,29.75,63,9,3.69,1666716959
alto araguaia,BR,-17.3147,-53.2153,94.55,26,2,4.97,1666716959
sept-iles,CA,50.2001,-66.3821,55.92,81,75,4.61,1666716922
asau,RO,46.4333,26.4,58.28,89,99,1.41,1666716960
balakhta,RU,55.38,91.6,31.23,60,7,2.86,1666716960
diffa,NE,13.3154,12.6113,87.26,17,22,10.67,1666716960
surab,PK,28.4914,66.2585,62.47,26,16,5.91,1666716961
katete,UG,-0.7818,29.7544,64.44,86,99,0.45,1666716961
rio gallegos,AR,-51.6226,-69.2181,50.05,37,0,23.02,1666716961
sobolevo,RU,54.4299,31.8996,44.24,88,100,8.01,1666716962
nouadhibou,MR,20.931,-17.0347,73.38,78,20,16.11,1666716962
fairbanks,US,64.8378,-147.7164,21.16,91,40,8.05,1666716722
bilibino,RU,68.0546,166.4372,-15.92,99,20,4.14,1666716963
ancud,CL,-41.8697,-73.8203,55.56,77,93,13.6,1666716873
strezhevoy,RU,60.7333,77.5889,33.57,93,100,14.03,1666716899
doha,QA,25.2867,51.5333,85.98,58,0,3.44,1666716716
sawtell,AU,-30.3833,153.1,62.19,94,70,3.44,1666716964
hateg,RO,45.6167,22.95,59.27,85,98,2.71,1666716964
khakhea,BW,-24.6895,23.494,74.84,46,72,21.47,1666716964
luderitz,NA,-26.6481,15.1594,65.25,65,94,20.98,1666716965
san cristobal,VE,7.7669,-72.225,78.98,42,45,4.59,1666716965
rabo de peixe,PT,37.8,-25.5833,66.27,86,75,12.66,1666716965
yangambi,CD,0.8102,24.4336,74.98,87,100,1.19,1666716966
rongcheng,CN,30.634,117.8517,60.67,60,100,3.24,1666716967
nuuk,GL,64.1835,-51.7216,32.88,81,95,4.0,1666716833
hovd,MN,48.0056,91.6419,23.22,65,32,1.03,1666716967
kalengwa,ZM,-13.4659,25.0027,75.92,40,35,3.04,1666716968
sistranda,NO,63.7256,8.834,48.16,83,100,10.8,1666716930
saint-francois,FR,46.4154,3.9054,63.84,68,0,4.61,1666716819
sumbe,AO,-11.2061,13.8437,77.9,81,8,8.84,1666716968
tingi,TZ,-11.3,35.0333,76.1,35,81,5.99,1666716969
fergus falls,US,46.283,-96.0776,42.06,74,75,11.01,1666716672
japura,ID,-0.3167,102.35,74.57,97,100,3.36,1666716969
qaqortoq,GL,60.7167,-46.0333,34.05,67,7,4.29,1666716969
panjab,AF,34.388,67.0233,41.86,42,2,5.28,1666716970
molina,CL,-35.1167,-71.2833,65.93,55,75,8.05,1666716970
santa cruz,BO,-17.8,-63.1667,93.25,40,20,18.41,1666716944
sola,VU,-13.8833,167.55,78.58,77,1,2.59,1666716971
saint george,US,37.1041,-113.5841,52.43,47,0,1.43,1666716971
chagoda,RU,59.164,35.3285,31.66,90,24,4.63,1666716972
arinos,BR,-15.9169,-46.1056,98.82,21,21,3.85,1666716972
grand gaube,MU,-20.0064,57.6608,73.8,67,0,5.99,1666716973
sete lagoas,BR,-19.4658,-44.2467,83.28,31,60,6.78,1666716973
tautira,PF,-17.7333,-149.15,78.28,84,100,24.2,1666716974
shugurovo,RU,54.5083,52.1326,34.54,90,100,10.74,1666716974
mar del plata,AR,-38.0023,-57.5575,77.02,75,100,10.0,1666716974
krasnyy oktyabr,RU,56.1167,38.8833,31.6,87,63,3.24,1666716975
dalby,AU,-27.1833,151.2667,62.98,88,35,4.23,1666716975
talcahuano,CL,-36.7167,-73.1167,56.88,77,100,10.36,1666716715
koulamoutou,GA,-1.1303,12.4736,73.72,98,100,0.72,1666716976
belyy yar,RU,53.6039,91.3903,19.29,79,0,0.0,1666716976
waddan,LY,29.1614,16.139,76.77,28,0,10.42,1666716977
karacabey,TR,40.2152,28.4038,62.31,44,2,3.04,1666716977
antofagasta,CL,-23.65,-70.4,61.88,60,18,8.88,1666716757
olafsvik,IS,64.8945,-23.7142,41.61,82,100,26.75,1666716978
dalbandin,PK,28.8947,64.4101,75.16,15,0,2.53,1666716978
valley city,US,46.9233,-98.0032,41.52,75,20,11.5,1666716978
hokitika,NZ,-42.7167,170.9667,49.98,91,100,2.91,1666716979
enshi,CN,30.3,109.4833,58.1,89,100,1.52,1666716979
clarence town,AU,-32.5833,151.7833,65.86,90,12,6.22,1666716980
abu samrah,SY,35.3029,37.1841,73.62,31,34,9.69,1666716981
barabai,ID,-2.5833,115.3833,75.33,97,100,2.08,1666716981
asyut,EG,27.181,31.1837,77.18,32,46,13.15,1666716982
nan,TH,18.8333,100.6667,72.0,89,95,0.98,1666716982
flinders,AU,-34.5833,150.8552,65.25,90,58,4.0,1666716829
guider,CM,9.9342,13.9486,86.74,29,51,6.08,1666716982
jacqueville,CI,5.2052,-4.4146,80.11,82,93,9.44,1666716983
tabou,CI,4.423,-7.3528,80.69,80,78,8.57,1666716983
mamlyutka,KZ,54.9375,68.5394,33.08,97,100,10.16,1666716984
pitimbu,BR,-7.4706,-34.8086,79.39,65,53,14.07,1666716984
estelle,US,29.8458,-90.1067,73.4,88,100,13.8,1666716985
kirakira,SB,-10.4544,161.9205,78.31,85,4,2.55,1666716986
egvekinot,RU,66.3167,-179.1667,6.04,88,68,6.44,1666716986
yendi,GH,9.4427,-0.0099,89.44,47,51,1.19,1666716987
nagorsk,RU,59.3172,50.8078,27.84,90,45,5.08,1666716987
oussouye,SN,12.485,-16.5469,91.58,57,90,8.34,1666716989
ngunguru,NZ,-35.6167,174.5,56.66,81,85,7.81,1666716989
okha,RU,53.5739,142.9478,33.84,82,55,10.0,1666716989
burns lake,CA,54.2331,-125.7533,29.62,75,100,5.32,1666716990
liverpool,GB,53.4106,-2.9779,59.29,83,20,9.22,1666716990
taree,AU,-31.9,152.4667,60.98,92,23,4.56,1666716991
poum,NC,-20.2333,164.0167,75.25,84,80,13.0,1666716931
beyneu,KZ,45.3167,55.2,51.85,77,100,22.68,1666716991
huarmey,PE,-10.0681,-78.1522,68.59,68,75,10.49,1666716991
bislig,PH,8.2167,126.2833,74.16,96,97,4.97,1666716992
petrolina,BR,-9.3986,-40.5008,93.25,36,75,5.75,1666716915
leeuwarden,NL,53.2014,5.8086,59.0,92,75,5.75,1666716866
vardo,NO,70.3705,31.1107,31.98,74,0,19.57,1666716846
scarborough,GB,54.2797,-0.4044,56.77,85,79,4.0,1666716993
amga,RU,60.8953,131.9608,16.77,95,37,5.5,1666716993
wainwright,CA,52.839,-110.8572,36.0,62,70,7.16,1666716993
tefe,BR,-3.3542,-64.7114,89.71,66,40,4.61,1666716994
nalut,LY,30.3333,10.85,74.88,21,0,4.52,1666716994
ventspils,LV,57.3894,21.5606,53.53,100,100,11.5,1666716997
half moon bay,US,37.4636,-122.4286,63.91,83,100,0.0,1666716997
jiuquan,CN,39.7432,98.5174,42.15,44,0,3.0,1666716998
iwanai,JP,42.9744,140.5089,35.15,74,0,4.79,1666716998
la rioja,ES,42.25,-2.5,73.18,37,31,15.99,1666716998
bonavista,CA,48.6499,-53.1147,53.08,73,5,2.17,1666716856
waingapu,ID,-9.6567,120.2641,80.85,79,100,1.72,1666716999
muroto,JP,33.2833,134.15,60.55,58,0,13.22,1666716999
buluang,PH,13.3068,123.3425,76.57,94,76,3.53,1666717000
camana,PE,-16.6228,-72.7111,66.24,69,23,9.51,1666717000
noumea,NC,-22.2763,166.4572,69.78,85,93,9.82,1666716733
humaita,BR,-7.5061,-63.0208,84.24,67,99,3.44,1666717001
linxia,CN,35.6003,103.2064,54.81,71,100,1.86,1666717001
saint-pierre,RE,-21.3393,55.4781,73.08,68,0,4.61,1666717001
hohhot,CN,40.8106,111.6522,57.49,26,40,8.95,1666717002
kiunga,PG,-6.1219,141.2906,72.25,100,100,3.58,1666717002
alihe,CN,50.5667,123.7167,35.35,78,100,5.1,1666717003
brae,GB,60.3964,-1.353,52.02,91,94,9.01,1666717003
chapais,CA,49.7834,-74.8492,58.78,70,79,12.24,1666717004
nemuro,JP,43.3236,145.575,44.98,53,34,5.59,1666717004
annau,TM,37.8876,58.516,58.5,67,40,6.91,1666717004
luwuk,ID,-0.9516,122.7875,78.6,83,75,2.8,1666717005
prado,BR,-17.3411,-39.2208,73.47,91,100,4.92,1666717005
barra patuca,HN,15.8,-84.2833,85.75,62,95,5.23,1666717005
pascagoula,US,30.3658,-88.5561,81.41,91,92,14.85,1666716945
ust-maya,RU,60.4167,134.5333,14.81,96,31,5.39,1666717006
mancio lima,BR,-7.6142,-72.8958,87.87,70,75,4.61,1666717006
camacha,PT,33.0833,-16.3333,71.02,73,40,11.5,1666716986
vostok,RU,46.4856,135.8833,27.52,63,10,4.59,1666717007
kuryk,KZ,43.2,51.65,54.97,62,84,17.63,1666717008
kropotkin,RU,45.4375,40.5756,55.54,72,97,3.27,1666717009
bathsheba,BB,13.2167,-59.5167,84.81,79,40,17.27,1666716810
nehe,CN,48.4833,124.8333,44.47,73,94,2.86,1666717010
quatre cocos,MU,-20.2078,57.7625,73.51,71,0,12.15,1666717010
la paz,BO,-16.5,-68.15,64.38,29,20,9.22,1666717011
hualmay,PE,-11.0964,-77.6139,67.73,68,40,11.25,1666717011
yumen,CN,40.2833,97.2,43.12,43,0,10.65,1666717012
liuli,TZ,-11.0833,34.6333,83.53,51,66,3.27,1666717013
pokhvistnevo,RU,53.6524,52.1274,36.79,73,100,5.28,1666717013
tazovskiy,RU,67.4667,78.7,21.51,93,100,11.1,1666716990
rincon,US,32.296,-81.2354,73.9,65,28,1.07,1666716845
groa,NO,62.65,8.7167,47.25,95,100,2.84,1666717014
san matias,BO,-16.3667,-58.4,101.73,29,0,1.45,1666717014
port blair,IN,11.6667,92.75,80.15,81,26,5.39,1666716835
san isidro,PE,-12.1167,-77.05,69.01,73,100,10.36,1666717015
kpalime,TG,6.9,0.6333,80.98,82,92,1.61,1666717015
villa union,MX,23.2,-106.2333,84.9,73,85,0.34,1666717016
umm lajj,SA,25.0213,37.2685,80.4,64,5,8.88,1666717009
stara synyava,UA,49.6032,27.6191,53.4,94,100,10.51,1666717016
maneromango,TZ,-7.1988,38.7848,70.81,89,78,10.11,1666717018
kunda,IN,25.7167,81.5167,70.79,51,0,5.17,1666717018
tecoanapa,MX,16.5167,-98.75,84.16,74,24,5.08,1666717019
urucara,BR,-2.5364,-57.76,91.26,47,100,4.12,1666717019
lincoln,US,40.8,-96.667,55.0,77,1,1.99,1666716869
odweyne,SO,9.4092,45.064,77.36,59,99,8.61,1666717023
linqiong,CN,30.4159,103.4609,58.82,90,100,2.64,1666717005
zhigansk,RU,66.7697,123.3711,8.06,93,100,6.6,1666717023
forssa,FI,60.8146,23.6215,44.67,98,100,9.26,1666717024
kloulklubed,PW,7.0419,134.2556,83.71,79,100,22.24,1666716963
smithers,CA,54.7804,-127.1743,34.12,80,100,4.61,1666717024
fuerte olimpo,PY,-21.0415,-57.8738,101.07,20,0,5.44,1666717025
shingu,JP,33.7333,135.9833,50.65,78,1,6.24,1666717001
arkhangelsk,RU,64.5401,40.5433,32.11,100,100,4.47,1666717025
paamiut,GL,61.994,-49.6678,32.61,80,25,21.85,1666717025
vila,PT,42.0304,-8.1588,56.28,88,52,8.32,1666717026
mezen,RU,65.8522,44.24,31.5,91,53,7.34,1666717026
pewaukee,US,43.0806,-88.2612,55.56,91,100,6.91,1666716829
maku,IR,39.2911,44.4521,51.53,59,0,1.63,1666717027
chai badan,TH,15.2,101.1333,76.21,82,99,3.6,1666717027
chake chake,TZ,-5.2459,39.7666,76.14,86,70,10.25,1666717028
hirara,JP,24.8,125.2833,74.46,63,98,20.33,1666717028
spornoye,RU,50.8448,37.2913,47.55,86,100,4.88,1666717028
kijang,KR,35.2442,129.2139,49.73,56,73,9.62,1666717029
ariquemes,BR,-9.9133,-63.0408,80.92,84,97,6.98,1666717029
muyezerskiy,RU,63.9333,31.65,28.94,87,56,4.56,1666717030
tarime,TZ,-1.35,34.3667,67.91,70,68,1.92,1666717030
peniche,PT,39.3558,-9.3811,71.29,84,34,16.4,1666716877
sao filipe,CV,14.8961,-24.4956,78.48,78,6,6.8,1666716953
kununurra,AU,-15.7667,128.7333,84.18,70,100,3.44,1666716840
taoudenni,ML,22.6783,-3.9836,92.12,8,100,13.29,1666717031
laizhou,CN,37.1717,119.9214,57.16,70,100,10.36,1666717031
duluth,US,46.7833,-92.1066,45.55,69,100,16.11,1666716992
mayumba,GA,-3.432,10.6554,78.46,86,65,5.61,1666717031
stutterheim,ZA,-32.5708,27.424,56.75,81,100,8.99,1666717033
puerto del rosario,ES,28.5004,-13.8627,76.75,78,20,9.22,1666717034
milyutinskaya,RU,48.6279,41.6679,47.23,75,52,5.37,1666717034
kamensk-uralskiy,RU,56.4185,61.9329,29.61,76,80,6.62,1666717034
nome,US,64.5011,-165.4064,29.16,85,100,22.06,1666717035
auki,SB,-8.7676,160.7034,76.42,88,4,2.62,1666716938
mbigou,GA,-1.9005,11.906,70.68,94,95,2.66,1666717035
lunino,RU,53.5918,45.2271,38.91,77,99,5.46,1666717036
otradnoye,RU,59.7775,30.8181,37.45,70,97,7.52,1666717036
pointe michel,DM,15.25,-61.3833,88.74,70,75,2.3,1666717037
berlevag,NO,70.8578,29.0864,35.6,60,75,18.41,1666717037
urumqi,CN,43.801,87.6005,41.95,57,0,2.24,1666717037
fiumicino,IT,41.7675,12.2291,73.17,81,0,4.61,1666717038
great falls,US,47.5002,-111.3008,43.66,62,91,18.05,1666717038
tarakan,ID,3.3,117.6333,76.5,94,40,2.3,1666717038
lagoa,PT,39.05,-27.9833,62.6,68,67,23.13,1666716937
samarai,PG,-10.6167,150.6667,79.68,70,95,4.81,1666717040
maniitsoq,GL,65.4167,-52.9,31.21,76,83,7.67,1666717040
ola,RU,59.5833,151.2833,25.14,91,100,12.17,1666717041
baherden,TM,38.4362,57.4316,64.49,50,52,6.8,1666717041
clyde river,CA,70.4692,-68.5914,3.43,66,0,11.5,1666716943
crestview,US,30.7621,-86.5705,80.89,68,75,18.41,1666716857
lasa,IT,46.6166,10.7002,56.28,84,72,2.73,1666716881
baoqing,CN,46.3317,132.2111,35.37,72,7,7.74,1666717042
sredniy ikorets,RU,51.0675,39.7584,44.17,77,57,5.08,1666717042
pangnirtung,CA,66.1451,-65.7125,19.4,58,20,8.05,1666717045
joetsu,JP,37.1483,138.2364,51.96,71,38,5.86,1666717047
lake havasu city,US,34.4839,-114.3224,68.22,22,0,1.01,1666717047
nushki,PK,29.5542,66.0215,70.27,20,47,2.39,1666717048
magadan,RU,59.5667,150.8,24.53,88,100,13.71,1666717048
gweta,BW,-20.1833,25.2333,89.53,22,42,5.35,1666717048
camopi,GF,3.1655,-52.3158,99.82,30,98,1.16,1666717049
iqaluit,CA,63.7506,-68.5145,22.73,73,100,19.57,1666716809
matara,LK,5.9485,80.5353,77.76,86,48,6.58,1666717049
saravan,AM,39.7196,45.6483,43.88,56,0,3.24,1666717050
lake charles,US,30.2131,-93.2044,66.97,59,0,17.27,1666716917
punuare,HN,14.7333,-85.9667,92.16,64,94,2.53,1666717051
labuan,MY,5.2767,115.2417,77.36,94,40,0.0,1666717052
lorengau,PG,-2.0226,147.2712,81.41,73,98,2.24,1666716812
russell,US,32.3502,-85.1999,78.01,42,45,9.15,1666717052
port hedland,AU,-20.3167,118.5667,66.25,72,0,6.91,1666717052
tulun,RU,54.5611,100.5792,27.09,57,10,4.68,1666717053
leshukonskoye,RU,64.8989,45.7622,30.47,94,76,5.64,1666717053
san vicente,AR,-26.6167,-54.1333,84.85,28,0,4.72,1666717054
brigantine,US,39.4101,-74.3646,67.03,98,84,1.99,1666716943
